n_pairs_selected,avg_correlation,diversification_factor,effective_n,epsilon,delta,weighted_avg_edge
70,0.06279587943576417,5.332915681067728,13.126027896616765,0.1,0.05,0.822332520215086
