stock1,stock2,edge,z_score,p_target,signal,kelly_weight,capital
F,UDR,1.150624461383482,1.6605013564734037,0.9971780299743082,LONG_SPREAD,0.33333333333133713,33333.33333313371
AES,D,1.0944498760551538,1.797997805985174,0.9418434485914228,LONG_SPREAD,0.33333333333466586,33333.33333346659
KMI,NOW,1.056642630386466,1.6888428820956358,0.9622284995116658,LONG_SPREAD,0.333333333333997,33333.3333333997
