ret,vol,sharpe,en,avg_c,n
0.5651913392720048,0.01006713817159501,56.14220542504558,19.175686109992395,0.009620781776604023,74
